1,-250
2,-250
3,-250
4,270
5,-250
6,-250
7,-250
8,-250
9,-250
10,-250
11,-250
12,-250
13,-250
14,305
15,-250
16,-250
17,-250
18,290
19,-250
20,-250
21,-250
22,-250
23,-250
24,-250
25,-250
26,-250
27,275
28,-250
29,395
30,-250
31,-250
32,-250
33,-250
34,-250
35,-250
36,-250
37,325
38,300
39,-250
40,-250
41,-250
42,-250
43,-250
44,300
45,-250
46,-250
47,-250
48,-250
49,275
50,305
51,270
52,-250
53,-250
54,-250
55,305
56,-250
57,-250
58,-250
59,-250
60,355
61,425
62,-250
63,275
64,-250
65,-250
66,-250
67,370
68,265
69,-250
70,400
71,-250
72,-250
73,420
74,-250
75,-250
76,-250
77,-250
78,295
79,-250
80,-250
81,260
82,-250
83,-250
84,320
85,320
86,-250
87,305
88,335
89,275
90,-250
91,-250
92,-250
93,-250
94,-250
95,-250
96,-250
97,-250
98,-250
99,-250
100,-250
101,-250
102,-250
103,-250
104,-250
105,-250
106,405
107,-250
108,-250
109,435
110,-250
111,-250
112,-250
113,-250
114,370
115,280
116,-250
117,370
118,-250
119,-250
120,320
121,-250
122,-250
123,-250
124,-250
125,-250
126,-250
127,-250
128,400
129,-250
130,275
131,-250
132,-250
133,-250
134,415
135,-250
136,290
137,270
138,-250
139,-250
140,385
141,-250
142,-250
143,275
144,-250
145,-250
146,-250
147,-250
148,-250
149,-250
150,305
151,-250
152,-250
153,-250
154,-250
155,-250
156,-250
157,-250
158,-250
159,-250
160,-250
161,-250
162,265
163,-250
164,-250
165,425
166,415
167,350
168,-250
169,-250
170,425
171,-250
172,265
173,305
174,-250
175,320
176,-250
177,435
178,355
179,-250
180,-250
181,-250
182,-250
183,-250
184,-250
185,-250
186,405
187,315
188,-250
189,310
190,355
191,375
192,-250
193,-250
194,-250
195,275
196,-250
197,410
198,-250
199,-250
200,-250
201,-250
202,-250
203,-250
204,-250
205,390
206,-250
207,-250
208,300
209,-250
210,350
211,-250
212,-250
213,395
214,-250
215,-250
216,-250
217,295
218,-250
219,-250
220,-250
221,280
222,285
223,290
224,340
225,350
226,-250
227,385
228,-250
229,345
230,-250
231,400
232,395
233,-250
234,-250
235,365
236,-250
237,410
238,385
239,-250
240,-250
241,-250
242,275
243,-250
244,-250
245,420
246,265
247,270
248,330
249,-250
250,-250
251,-250
252,300
253,-250
254,365
255,-250
256,-250
257,-250
258,-250
259,-250
260,305
261,305
262,355
263,275
264,335
265,-250
266,-250
267,290
268,320
269,355
270,425
271,-250
272,-250
273,290
274,-250
275,320
276,285
277,-250
278,-250
279,-250
280,-250
281,355
282,310
283,-250
284,320
285,280
286,-250
287,275
288,-250
289,340
290,320
291,-250
292,370
293,365
294,260
295,-250
296,430
297,325
298,-250
299,-250
300,-250
301,325
302,-250
303,385
304,365
305,-250
306,270
307,-250
308,255
309,-250
310,-250
311,435
312,265
313,335
314,315
315,-250
316,310
317,385
318,275
319,375
320,365
321,400
322,-250
323,430
324,-250
325,290
326,295
327,415
328,-250
329,430
330,-250
331,395
332,450
333,270
334,-250
335,-250
336,-250
337,-250
338,405
339,355
340,370
341,295
342,440
343,370
344,365
345,-250
346,-250
347,-250
348,-250
349,-250
350,-250
351,-250
352,-250
353,-250
354,-250
355,-250
356,-250
357,320
358,325
359,360
360,365
361,270
362,-250
363,345
364,275
365,325
366,285
367,-250
368,-250
369,305
370,-250
371,-250
372,300
373,335
374,360
375,410
376,-250
377,445
378,365
379,285
380,305
381,-250
382,-250
383,280
384,-250
385,-250
386,415
387,280
388,340
389,385
390,255
391,290
392,-250
393,440
394,450
395,295
396,-250
397,-250
398,-250
399,-250
400,-250
401,-250
402,-250
403,255
404,265
405,-250
406,-250
407,325
408,290
409,315
410,275
411,-250
412,335
413,350
414,375
415,375
416,-250
417,-250
418,-250
419,-250
420,-250
421,315
422,-250
423,-250
424,-250
425,-250
426,400
427,275
428,290
429,-250
430,335
431,365
432,370
433,-250
434,300
435,-250
436,370
437,355
438,380
439,365
440,-250
441,465
442,405
443,370
444,410
445,335
446,260
447,370
448,-250
449,-250
450,370
451,-250
452,-250
453,-250
454,-250
455,310
456,340
457,-250
458,270
459,370
460,-250
461,445
462,-250
463,320
464,-250
465,-250
466,310
467,-250
468,355
469,-250
470,260
471,410
472,-250
473,-250
474,-250
475,255
476,-250
477,-250
478,325
479,295
480,305
481,-250
482,-250
483,285
484,400
485,440
486,-250
487,365
488,410
489,305
490,405
491,305
492,325
493,255
494,360
495,-250
496,370
497,305
498,300
499,-250
500,310
501,255
502,360
503,275
504,375
505,395
506,345
507,375
508,-250
509,-250
510,420
511,-250
512,-250
513,390
514,-250
515,-250
516,300
517,380
518,405
519,430
520,310
521,-250
522,-250
523,-250
524,-250
525,-250
526,-250
527,370
528,430
529,-250
530,-250
531,350
532,-250
533,295
534,400
535,-250
536,260
537,-250
538,-250
539,400
540,400
541,275
542,440
543,300
544,300
545,-250
546,-250
547,375
548,-250
549,-250
550,360
551,-250
552,-250
553,-250
554,-250
555,415
556,-250
557,375
558,340
559,280
560,-250
561,405
562,-250
563,-250
564,-250
565,-250
566,260
567,-250
568,425
569,365
570,-250
571,-250
572,390
573,-250
574,-250
575,315
576,310
577,325
578,395
579,280
580,390
581,290
582,-250
583,-250
584,335
585,365
586,-250
587,-250
588,310
589,285
590,-250
591,-250
592,270
593,-250
594,-250
595,440
596,280
597,300
598,280
599,270
600,-250
601,290
602,310
603,-250
604,-250
605,400
606,365
607,285
608,345
609,360
610,385
611,-250
612,270
613,285
614,325
615,315
616,425
617,375
618,335
619,325
620,-250
621,380
622,295
623,-250
624,325
625,-250
626,-250
627,-250
628,350
629,405
630,410
631,-250
632,405
633,385
634,370
635,330
636,-250
637,-250
638,-250
639,325
640,-250
641,360
642,265
643,375
644,-250
645,-250
646,-250
647,370
648,-250
649,-250
650,-250
651,345
652,300
653,335
654,-250
655,295
656,355
657,290
658,445
659,345
660,405
661,280
662,340
663,255
664,305
665,450
666,-250
667,345
668,260
669,-250
670,320
671,360
672,-250
673,395
674,310
675,-250
676,-250
677,-250
678,300
679,260
680,-250
681,330
682,415
683,270
684,-250
685,-250
686,340
687,-250
688,365
689,375
690,345
691,-250
692,280
693,260
694,-250
695,405
696,360
697,-250
698,-250
699,290
700,410
701,290
702,380
703,-250
704,420
705,270
706,-250
707,265
708,415
709,310
710,375
711,395
712,-250
713,405
714,430
715,-250
716,390
717,320
718,330
719,-250
720,340
721,270
722,-250
723,420
724,-250
725,-250
726,440
727,340
728,-250
729,370
730,-250
731,350
732,330
733,320
734,320
735,400
736,330
737,-250
738,355
739,-250
740,-250
741,410
742,400
743,310
744,325
745,-250
746,470
747,-250
748,360
749,260
750,425
751,260
752,-250
753,-250
754,435
755,-250
756,380
757,-250
758,-250
759,410
760,270
761,435
762,300
763,400
764,-250
765,325
766,360
767,310
768,325
769,345
770,380
771,340
772,360
773,-250
774,-250
775,-250
776,275
777,-250
778,405
779,415
780,295
781,395
782,-250
783,390
784,410
785,310
786,425
787,280
788,340
789,345
790,-250
791,285
792,-250
793,285
794,270
795,360
796,300
797,-250
798,-250
799,255
800,385
801,345
802,410
803,-250
804,320
805,-250
806,315
807,305
808,-250
809,-250
810,350
811,310
812,-250
813,325
814,-250
815,-250
816,-250
817,360
818,325
819,370
820,310
821,465
822,-250
823,-250
824,330
825,400
826,465
827,-250
828,-250
829,-250
830,455
831,330
832,-250
833,-250
834,-250
835,385
836,-250
837,395
838,275
839,370
840,430
841,-250
842,-250
843,385
844,-250
845,-250
846,275
847,280
848,-250
849,400
850,-250
851,-250
852,255
853,380
854,325
855,-250
856,345
857,375
858,-250
859,335
860,-250
861,-250
862,340
863,-250
864,340
865,-250
866,420
867,-250
868,265
869,295
870,-250
871,355
872,285
873,410
874,-250
875,-250
876,-250
877,-250
878,-250
879,-250
880,-250
881,-250
882,265
883,440
884,385
885,-250
886,385
887,405
888,335
889,355
890,390
891,360
892,265
893,-250
894,330
895,295
896,305
897,315
898,-250
899,380
900,295
901,-250
902,370
903,-250
904,320
905,-250
906,335
907,295
908,300
909,310
910,385
911,400
912,-250
913,-250
914,455
915,-250
916,-250
917,-250
918,-250
919,300
920,-250
921,455
922,-250
923,-250
924,360
925,-250
926,305
927,-250
928,400
929,-250
930,-250
931,360
932,-250
933,-250
934,285
935,-250
936,350
937,-250
938,395
939,395
940,255
941,440
942,-250
943,275
944,-250
945,-250
946,320
947,-250
948,390
949,270
950,405
951,-250
952,260
953,-250
954,395
955,360
956,-250
957,-250
958,340
959,285
960,-250
961,280
962,260
963,345
964,-250
965,-250
966,300
967,330
968,305
969,-250
970,320
971,-250
972,395
973,270
974,370
975,400
976,-250
977,-250
978,335
979,-250
980,-250
981,385
982,450
983,370
984,320
985,-250
986,305
987,385
988,295
989,255
990,330
991,330
992,-250
993,265
994,-250
995,310
996,-250
997,420
998,315
999,260
1000,275
1001,-250
1002,-250
1003,335
1004,-250
1005,-250
1006,-250
1007,280
1008,-250
1009,-250
1010,405
1011,-250
1012,400
1013,340
1014,345
1015,360
1016,-250
1017,320
1018,-250
1019,440
1020,260
1021,265
1022,340
1023,-250
1024,-250
1025,410
1026,325
1027,330
1028,-250
1029,290
1030,-250
1031,-250
1032,305
1033,295
1034,310
1035,-250
1036,-250
1037,415
1038,420
1039,-250
1040,280
1041,260
1042,400
1043,-250
1044,345
1045,390
1046,-250
1047,340
1048,-250
1049,395
1050,380
1051,395
1052,440
1053,-250
1054,340
1055,345
1056,425
1057,405
1058,-250
1059,325
1060,-250
1061,275
1062,305
1063,-250
1064,270
1065,345
1066,305
1067,-250
1068,395
1069,385
1070,385
1071,-250
1072,350
1073,270
1074,370
1075,340
1076,-250
1077,-250
1078,355
1079,430
1080,-250
1081,295
1082,410
1083,405
1084,255
1085,-250
1086,-250
1087,-250
1088,290
1089,375
1090,265
1091,375
1092,330
1093,-250
1094,315
1095,-250
1096,-250
1097,-250
1098,-250
1099,400
1100,275
1101,-250
1102,390
1103,415
1104,-250
1105,-250
1106,-250
1107,325
1108,310
1109,380
1110,435
1111,-250
1112,-250
1113,-250
1114,325
1115,-250
1116,325
1117,270
1118,365
1119,280
1120,-250
1121,-250
1122,430
1123,425
1124,385
1125,-250
1126,280
1127,335
1128,-250
1129,360
1130,370
1131,365
1132,-250
1133,385
1134,340
1135,335
1136,385
1137,315
1138,-250
1139,-250
1140,-250
1141,-250
1142,-250
1143,-250
1144,340
1145,265
1146,-250
1147,390
1148,280
1149,-250
1150,430
1151,-250
1152,275
1153,-250
1154,310
1155,345
1156,310
1157,375
1158,405
1159,260
1160,-250
1161,-250
1162,-250
1163,-250
1164,345
1165,330
1166,-250
1167,295
1168,-250
1169,-250
1170,335
1171,-250
1172,-250
1173,-250
1174,260
1175,-250
1176,380
1177,300
1178,435
1179,290
1180,-250
1181,300
1182,-250
1183,-250
1184,-250
1185,370
1186,375
1187,360
1188,320
1189,-250
1190,380
1191,370
1192,-250
1193,445
1194,330
1195,440
1196,425
1197,415
1198,395
1199,385
1200,-250
1201,335
1202,275
1203,260
1204,355
1205,305
1206,-250
1207,-250
1208,270
1209,-250
1210,395
1211,-250
1212,400
1213,-250
1214,260
1215,405
1216,-250
1217,415
1218,-250
1219,280
1220,270
1221,-250
1222,375
1223,445
1224,-250
1225,300
1226,335
1227,-250
1228,320
1229,370
1230,290
1231,-250
1232,340
1233,265
1234,-250
1235,290
1236,365
1237,410
1238,-250
1239,-250
1240,305
1241,-250
1242,-250
1243,300
1244,375
1245,360
1246,-250
1247,420
1248,315
1249,280
1250,455
1251,-250
1252,-250
1253,270
1254,270
1255,260
1256,435
1257,320
1258,420
1259,-250
1260,365
1261,265
1262,310
1263,345
1264,440
1265,360
1266,380
1267,290
1268,360
1269,335
1270,380
1271,370
1272,-250
1273,395
1274,280
1275,310
1276,425
1277,280
1278,-250
1279,385
1280,405
1281,-250
1282,330
1283,-250
1284,320
1285,390
1286,-250
1287,285
1288,-250
1289,410
1290,-250
1291,-250
1292,350
1293,295
1294,380
1295,260
1296,-250
1297,-250
1298,-250
1299,-250
1300,450
1301,-250
1302,395
1303,375
1304,270
1305,255
1306,340
1307,385
1308,380
1309,305
1310,430
1311,290
1312,-250
1313,-250
1314,-250
1315,290
1316,415
1317,325
1318,-250
1319,455
1320,365
1321,445
1322,280
1323,-250
1324,350
1325,-250
1326,-250
1327,270
1328,390
1329,435
1330,290
1331,365
1332,365
1333,450
1334,305
1335,370
1336,-250
1337,-250
1338,-250
1339,335
1340,395
1341,430
1342,400
1343,-250
1344,-250
1345,260
1346,-250
1347,305
1348,365
1349,370
1350,315
1351,390
1352,265
1353,440
1354,265
1355,385
1356,310
1357,-250
1358,-250
1359,400
1360,260
1361,385
1362,290
1363,-250
1364,-250
1365,415
1366,290
1367,-250
1368,310
1369,300
1370,380
1371,350
1372,-250
1373,270
1374,-250
1375,-250
1376,-250
1377,300
1378,-250
1379,455
1380,410
1381,260
1382,365
1383,460
1384,-250
1385,285
1386,420
1387,390
1388,-250
1389,270
1390,285
1391,-250
1392,375
1393,400
1394,460
1395,255
1396,300
1397,-250
1398,375
1399,-250
1400,410
1401,300
1402,365
1403,-250
1404,-250
1405,350
1406,335
1407,-250
1408,-250
1409,410
1410,-250
1411,385
1412,385
1413,415
1414,280
1415,405
1416,445
1417,-250
1418,-250
1419,390
1420,270
1421,340
1422,365
1423,260
1424,440
1425,290
1426,-250
1427,470
1428,295
1429,-250
1430,-250
1431,270
1432,405
1433,455
1434,385
1435,-250
1436,260
1437,330
1438,290
1439,345
1440,290
1441,365
1442,-250
1443,360
1444,-250
1445,-250
1446,-250
1447,385
1448,285
1449,-250
1450,320
1451,-250
1452,-250
1453,395
1454,425
1455,265
1456,-250
1457,320
1458,420
1459,310
1460,-250
1461,-250
1462,-250
1463,435
1464,330
1465,400
1466,-250
1467,345
1468,430
1469,390
1470,325
1471,365
1472,-250
1473,-250
1474,-250
1475,-250
1476,390
1477,395
1478,415
1479,360
1480,405
1481,-250
1482,-250
1483,415
1484,360
1485,400
1486,355
1487,430
1488,440
1489,370
1490,370
1491,255
1492,315
1493,-250
1494,265
1495,415
1496,390
1497,435
1498,-250
1499,-250
1500,-250
1501,385
1502,-250
1503,350
1504,410
1505,405
1506,275
1507,-250
1508,380
1509,-250
1510,310
1511,-250
1512,-250
1513,410
1514,415
1515,-250
1516,-250
1517,-250
1518,-250
1519,-250
1520,-250
1521,320
1522,-250
1523,-250
1524,-250
1525,-250
1526,-250
1527,-250
1528,435
1529,455
1530,-250
1531,295
1532,370
1533,410
1534,400
1535,370
1536,385
1537,295
1538,290
1539,315
1540,300
1541,-250
1542,365
1543,445
1544,-250
1545,415
1546,-250
1547,330
1548,-250
1549,395
1550,290
1551,340
1552,390
1553,-250
1554,-250
1555,360
1556,-250
1557,295
1558,290
1559,-250
1560,255
1561,380
1562,405
1563,-250
1564,-250
1565,-250
1566,370
1567,-250
1568,290
1569,415
1570,395
1571,335
1572,-250
1573,-250
1574,395
1575,-250
1576,410
1577,-250
1578,300
1579,360
1580,370
1581,330
1582,-250
1583,325
1584,280
1585,405
1586,295
1587,-250
1588,300
1589,390
1590,-250
1591,-250
1592,400
1593,395
1594,380
1595,405
1596,-250
1597,315
1598,395
1599,-250
1600,-250
1601,-250
1602,350
1603,420
1604,-250
1605,375
1606,-250
1607,-250
1608,355
1609,350
1610,305
1611,380
1612,310
1613,380
1614,325
1615,280
1616,305
1617,325
1618,295
1619,395
1620,-250
1621,310
1622,-250
1623,-250
1624,-250
1625,345
1626,-250
1627,410
1628,-250
1629,435
1630,395
1631,370
1632,-250
1633,-250
1634,425
1635,-250
1636,275
1637,-250
1638,440
1639,455
1640,-250
1641,400
1642,-250
1643,310
1644,365
1645,295
1646,285
1647,-250
1648,-250
1649,330
1650,335
1651,410
1652,305
1653,-250
1654,340
1655,-250
1656,340
1657,-250
1658,450
1659,-250
1660,-250
1661,355
1662,-250
1663,390
1664,-250
1665,450
1666,-250
1667,350
1668,-250
1669,340
1670,395
1671,-250
1672,-250
1673,-250
1674,-250
1675,-250
1676,-250
1677,-250
1678,400
1679,385
1680,320
1681,335
1682,-250
1683,360
1684,-250
1685,380
1686,255
1687,390
1688,305
1689,400
1690,425
1691,435
1692,-250
1693,335
1694,-250
1695,290
1696,410
1697,425
1698,410
1699,385
1700,-250
1701,400
1702,-250
1703,350
1704,340
1705,270
1706,330
1707,270
1708,385
1709,305
1710,285
1711,-250
1712,405
1713,300
1714,420
1715,325
1716,-250
1717,-250
1718,340
1719,425
1720,295
1721,280
1722,440
1723,380
1724,390
1725,-250
1726,-250
1727,-250
1728,420
1729,320
1730,-250
1731,-250
1732,430
1733,300
1734,-250
1735,345
1736,-250
1737,425
1738,290
1739,450
1740,395
1741,275
1742,350
1743,295
1744,310
1745,-250
1746,425
1747,-250
1748,340
1749,325
1750,-250
1751,-250
1752,285
1753,-250
1754,-250
1755,-250
1756,-250
1757,260
1758,415
1759,-250
1760,295
1761,-250
1762,260
1763,330
1764,415
1765,320
1766,385
1767,-250
1768,275
1769,365
1770,-250
1771,330
1772,425
1773,-250
1774,305
1775,-250
1776,345
1777,-250
1778,420
1779,425
1780,370
1781,-250
1782,335
1783,-250
1784,310
1785,380
1786,395
1787,440
1788,325
1789,265
1790,-250
1791,-250
1792,-250
1793,385
1794,-250
1795,-250
1796,-250
1797,385
1798,425
1799,330
1800,-250
1801,-250
1802,-250
1803,395
1804,-250
1805,280
1806,-250
1807,-250
1808,355
1809,335
1810,280
1811,375
1812,370
1813,305
1814,450
1815,-250
1816,465
1817,-250
1818,-250
1819,385
1820,290
1821,270
1822,370
1823,-250
1824,-250
1825,310
1826,380
1827,-250
1828,-250
1829,360
1830,360
1831,370
1832,270
1833,325
1834,405
1835,-250
1836,395
1837,300
1838,-250
1839,-250
1840,355
1841,310
1842,435
1843,-250
1844,360
1845,375
1846,-250
1847,290
1848,-250
1849,-250
1850,360
1851,-250
1852,410
1853,375
1854,315
1855,260
1856,305
1857,295
1858,-250
1859,280
1860,-250
1861,275
1862,455
1863,-250
1864,-250
1865,-250
1866,450
1867,340
1868,360
1869,-250
1870,320
1871,290
1872,370
1873,440
1874,290
1875,370
1876,395
1877,415
1878,260
1879,355
1880,-250
1881,-250
1882,-250
1883,310
1884,375
1885,400
1886,410
1887,255
1888,255
1889,255
1890,390
1891,-250
1892,-250
1893,430
1894,375
1895,255
1896,-250
1897,340
1898,-250
1899,355
1900,430
1901,-250
1902,355
1903,-250
1904,465
1905,-250
1906,325
1907,335
1908,-250
1909,325
1910,425
1911,320
1912,375
1913,360
1914,385
1915,420
1916,255
1917,340
1918,410
1919,-250
1920,-250
1921,265
1922,-250
1923,300
1924,-250
1925,405
1926,425
1927,360
1928,-250
1929,305
1930,-250
1931,-250
1932,255
1933,345
1934,350
1935,335
1936,320
1937,-250
1938,-250
1939,270
1940,335
1941,340
1942,-250
1943,435
1944,-250
1945,315
1946,330
1947,275
1948,-250
1949,320
1950,310
1951,400
1952,295
1953,-250
1954,-250
1955,330
1956,310
1957,420
1958,425
1959,365
1960,320
1961,-250
1962,275
1963,310
1964,280
1965,305
1966,305
1967,-250
1968,-250
1969,390
1970,290
1971,330
1972,-250
1973,300
1974,-250
1975,425
1976,-250
1977,405
1978,435
1979,255
1980,330
1981,410
1982,410
1983,265
1984,-250
1985,305
1986,-250
1987,405
1988,385
1989,-250
1990,305
1991,315
1992,-250
1993,385
1994,-250
1995,290
1996,-250
1997,410
1998,350
1999,400
2000,320
2001,410
2002,380
2003,255
2004,335
2005,340
2006,270
2007,-250
2008,-250
2009,365
2010,-250
2011,-250
2012,-250
2013,275
2014,-250
2015,310
2016,425
2017,-250
2018,375
2019,-250
2020,-250
2021,295
2022,-250
2023,365
2024,305
2025,450
2026,350
2027,-250
2028,385
2029,345
2030,430
2031,295
2032,395
2033,-250
2034,-250
2035,295
2036,-250
2037,290
2038,290
2039,365
2040,-250
2041,-250
2042,265
2043,-250
2044,-250
2045,-250
2046,280
2047,310
2048,-250
2049,-250
2050,405
2051,420
2052,380
2053,375
2054,395
2055,-250
2056,-250
2057,-250
2058,390
2059,365
2060,280
2061,-250
2062,340
2063,320
2064,-250
2065,-250
2066,365
2067,390
2068,260
2069,255
2070,345
2071,390
2072,320
2073,-250
2074,310
2075,325
2076,380
2077,330
2078,300
2079,-250
2080,400
2081,340
2082,380
2083,265
2084,-250
2085,425
2086,-250
2087,395
2088,410
2089,365
2090,375
2091,445
2092,320
2093,310
2094,-250
2095,330
2096,-250
2097,375
2098,375
2099,340
2100,405
2101,-250
2102,-250
2103,325
2104,400
2105,300
2106,315
2107,-250
2108,-250
2109,-250
2110,400
2111,300
2112,315
2113,-250
2114,350
2115,260
2116,380
2117,325
2118,345
2119,-250
2120,-250
2121,-250
2122,255
2123,370
2124,335
2125,395
2126,370
2127,255
2128,-250
2129,-250
2130,380
2131,280
2132,365
2133,425
2134,-250
2135,375
2136,445
2137,-250
2138,-250
2139,385
2140,445
2141,315
2142,285
2143,385
2144,320
2145,-250
2146,300
2147,380
2148,355
2149,315
2150,265
2151,395
2152,255
2153,425
2154,360
2155,-250
2156,310
2157,400
2158,-250
2159,305
2160,-250
2161,-250
2162,310
2163,-250
2164,375
2165,380
2166,395
2167,-250
2168,-250
2169,395
2170,400
2171,-250
2172,420
2173,285
2174,-250
2175,-250
2176,275
2177,320
2178,375
2179,360
2180,335
2181,280
2182,375
2183,380
2184,275
2185,395
2186,360
2187,-250
2188,-250
2189,-250
2190,325
2191,410
2192,265
2193,380
2194,270
2195,335
2196,395
2197,330
2198,365
2199,-250
2200,380
2201,275
2202,455
2203,335
2204,340
2205,455
2206,405
2207,390
2208,-250
2209,400
2210,330
2211,390
2212,370
2213,-250
2214,-250
2215,380
2216,-250
2217,-250
2218,265
2219,365
2220,390
2221,350
2222,-250
2223,330
2224,-250
2225,-250
2226,325
2227,365
2228,310
2229,-250
2230,330
2231,265
2232,270
2233,-250
2234,285
2235,290
2236,385
2237,-250
2238,-250
2239,-250
2240,365
2241,365
2242,270
2243,-250
2244,265
2245,400
2246,415
2247,-250
2248,300
2249,275
2250,-250
2251,380
2252,-250
2253,430
2254,-250
2255,285
2256,425
2257,405
2258,-250
2259,385
2260,-250
2261,455
2262,-250
2263,-250
2264,350
2265,430
2266,425
2267,315
2268,-250
2269,350
2270,395
2271,-250
2272,-250
2273,-250
2274,-250
2275,295
2276,400
2277,-250
2278,-250
2279,385
2280,435
2281,265
2282,305
2283,325
2284,350
2285,385
2286,415
2287,295
2288,370
2289,310
2290,-250
2291,440
2292,355
2293,-250
2294,-250
2295,315
2296,-250
2297,310
2298,-250
2299,-250
2300,-250
2301,380
2302,325
2303,-250
2304,-250
2305,385
2306,-250
2307,305
2308,300
2309,310
2310,285
2311,-250
2312,335
2313,-250
2314,410
2315,-250
2316,-250
2317,-250
2318,255
2319,350
2320,-250
2321,290
2322,-250
2323,-250
2324,375
2325,405
2326,420
2327,-250
2328,-250
2329,295
2330,320
2331,320
2332,-250
2333,280
2334,-250
2335,400
2336,275
2337,370
2338,290
2339,-250
2340,275
2341,445
2342,-250
2343,455
2344,-250
2345,-250
2346,-250
2347,-250
2348,310
2349,415
2350,-250
2351,390
2352,350
2353,-250
2354,360
2355,335
2356,-250
2357,-250
2358,415
2359,-250
2360,-250
2361,435
2362,285
2363,-250
2364,-250
2365,370
2366,340
2367,335
2368,310
2369,380
2370,365
2371,-250
2372,365
2373,345
2374,-250
2375,290
2376,325
2377,360
2378,430
2379,-250
2380,-250
2381,305
2382,-250
2383,395
2384,310
2385,-250
2386,340
2387,360
2388,355
2389,-250
2390,390
2391,265
2392,330
2393,365
2394,320
2395,465
2396,285
2397,345
2398,-250
2399,-250
2400,295
2401,-250
2402,-250
2403,-250
2404,355
2405,315
2406,-250
2407,-250
2408,-250
2409,-250
2410,425
2411,425
2412,460
2413,430
2414,405
2415,320
2416,-250
2417,280
2418,380
2419,455
2420,425
2421,305
2422,-250
2423,-250
2424,-250
2425,-250
2426,-250
2427,400
2428,460
2429,345
2430,395
2431,260
2432,300
2433,350
2434,320
2435,325
2436,410
2437,-250
2438,315
2439,-250
2440,-250
2441,400
2442,380
2443,460
2444,-250
2445,375
2446,290
2447,465
2448,385
2449,350
2450,-250
2451,445
2452,-250
2453,-250
2454,430
2455,270
2456,280
2457,-250
2458,305
2459,315
2460,405
2461,-250
2462,345
2463,320
2464,-250
2465,-250
2466,350
2467,-250
2468,310
2469,-250
2470,295
2471,310
2472,-250
2473,-250
2474,380
2475,360
2476,-250
2477,400
2478,345
2479,400
2480,260
2481,355
2482,275
2483,-250
2484,355
2485,365
2486,360
2487,460
2488,370
2489,310
2490,325
2491,-250
2492,-250
2493,410
2494,355
2495,325
2496,-250
2497,325
2498,-250
2499,405
2500,345
2501,335
2502,415
2503,-250
2504,320
2505,295
2506,395
2507,280
2508,-250
2509,320
2510,-250
2511,310
2512,345
2513,255
2514,380
2515,290
2516,400
2517,-250
2518,345
2519,405
2520,430
2521,335
2522,-250
2523,325
2524,345
2525,-250
2526,-250
2527,320
2528,330
2529,400
2530,-250
2531,340
2532,315
2533,300
2534,-250
2535,475
2536,305
2537,-250
2538,380
2539,320
2540,365
2541,300
2542,310
2543,295
2544,-250
2545,350
2546,305
2547,380
2548,290
2549,325
2550,365
2551,325
2552,-250
2553,380
2554,370
2555,405
2556,355
2557,-250
2558,-250
2559,370
2560,-250
2561,375
2562,260
2563,-250
2564,360
2565,285
2566,435
2567,420
2568,295
2569,395
2570,320
2571,-250
2572,460
2573,255
2574,365
2575,445
2576,390
2577,-250
2578,450
2579,320
2580,415
2581,305
2582,-250
2583,290
2584,355
2585,-250
2586,315
2587,-250
2588,-250
2589,290
2590,370
2591,-250
2592,-250
2593,405
2594,415
2595,-250
2596,285
2597,350
2598,375
2599,260
2600,435
2601,405
2602,-250
2603,-250
2604,-250
2605,375
2606,320
2607,270
2608,365
2609,345
2610,-250
2611,330
2612,440
2613,370
2614,275
2615,345
2616,340
2617,-250
2618,275
2619,335
2620,-250
2621,260
2622,425
2623,405
2624,405
2625,395
2626,395
2627,285
2628,365
2629,400
2630,280
2631,470
2632,395
2633,-250
2634,-250
2635,310
2636,340
2637,-250
2638,-250
2639,390
2640,-250
2641,365
2642,-250
2643,310
2644,300
2645,375
2646,460
2647,445
2648,-250
2649,370
2650,410
2651,-250
2652,425
2653,415
2654,430
2655,425
2656,-250
2657,410
2658,280
2659,445
2660,350
2661,-250
2662,420
2663,430
2664,430
2665,365
2666,450
2667,350
2668,295
2669,310
2670,-250
2671,280
2672,260
2673,410
2674,325
2675,-250
2676,-250
2677,370
2678,285
2679,340
2680,-250
2681,-250
2682,290
2683,-250
2684,315
2685,-250
2686,-250
2687,-250
2688,-250
2689,360
2690,-250
2691,-250
2692,410
2693,445
2694,330
2695,280
2696,350
2697,325
2698,-250
2699,-250
2700,290
2701,365
2702,390
2703,-250
2704,-250
2705,370
2706,390
2707,405
2708,-250
2709,-250
2710,-250
2711,330
2712,-250
2713,410
2714,320
2715,340
2716,365
2717,440
2718,410
2719,340
2720,-250
2721,-250
2722,-250
2723,-250
2724,-250
2725,-250
2726,425
2727,-250
2728,310
2729,290
2730,375
2731,385
2732,-250
2733,-250
2734,285
2735,370
2736,-250
2737,-250
2738,260
2739,335
2740,320
2741,425
2742,265
2743,-250
2744,275
2745,415
2746,385
2747,-250
2748,345
2749,330
2750,365
2751,340
2752,-250
2753,305
2754,335
2755,350
2756,-250
2757,375
2758,440
2759,430
2760,445
2761,-250
2762,440
2763,355
2764,260
2765,-250
2766,410
2767,350
2768,325
2769,395
2770,370
2771,400
2772,365
2773,-250
2774,365
2775,300
2776,360
2777,365
2778,310
2779,300
2780,335
2781,425
2782,335
2783,425
2784,320
2785,415
2786,-250
2787,385
2788,335
2789,265
2790,390
2791,390
2792,295
2793,-250
2794,-250
2795,-250
2796,-250
2797,-250
2798,-250
2799,-250
2800,325
2801,255
2802,-250
2803,-250
2804,380
2805,405
2806,340
2807,275
2808,325
2809,295
2810,345
2811,-250
2812,330
2813,385
2814,400
2815,340
2816,405
2817,300
2818,-250
2819,405
2820,360
2821,-250
2822,425
2823,390
2824,-250
2825,435
2826,320
2827,-250
2828,345
2829,430
2830,375
2831,370
2832,415
2833,-250
2834,440
2835,430
2836,375
2837,390
2838,325
2839,355
2840,-250
2841,430
2842,400
2843,400
2844,265
2845,-250
2846,-250
2847,-250
2848,450
2849,-250
2850,270
2851,375
2852,375
2853,395
2854,380
2855,355
2856,-250
2857,345
2858,405
2859,360
2860,-250
2861,365
2862,260
2863,340
2864,-250
2865,325
2866,-250
2867,430
2868,-250
2869,-250
2870,-250
2871,-250
2872,350
2873,405
2874,-250
2875,260
2876,330
2877,-250
2878,265
2879,360
2880,-250
2881,-250
2882,265
2883,265
2884,-250
2885,-250
2886,350
2887,420
2888,265
2889,260
2890,375
2891,335
2892,-250
2893,350
2894,435
2895,330
2896,285
2897,430
2898,-250
2899,295
2900,400
2901,-250
2902,380
2903,365
2904,-250
2905,310
2906,395
2907,-250
2908,-250
2909,275
2910,450
2911,255
2912,380
2913,-250
2914,420
2915,375
2916,-250
2917,-250
2918,-250
2919,415
2920,325
2921,400
2922,385
2923,-250
2924,-250
2925,440
2926,375
2927,305
2928,345
2929,315
2930,-250
2931,290
2932,-250
2933,-250
2934,470
2935,440
2936,375
2937,350
2938,-250
2939,435
2940,300
2941,385
2942,-250
2943,270
2944,345
2945,345
2946,315
2947,350
2948,-250
2949,-250
2950,390
2951,465
2952,-250
2953,370
2954,300
2955,290
2956,270
2957,-250
2958,425
2959,320
2960,-250
2961,-250
2962,340
2963,-250
2964,295
2965,265
2966,370
2967,405
2968,450
2969,390
2970,420
2971,370
2972,-250
2973,-250
2974,-250
2975,-250
2976,385
2977,390
2978,285
2979,265
2980,415
2981,-250
2982,465
2983,-250
2984,305
2985,-250
2986,350
2987,355
2988,-250
2989,320
2990,345
2991,325
2992,-250
2993,365
2994,325
2995,-250
2996,330
2997,325
2998,-250
2999,-250
3000,390
3001,300
3002,365
3003,285
3004,440
3005,370
3006,-250
3007,380
3008,350
3009,310
3010,390
3011,390
3012,370
3013,345
3014,350
3015,435
3016,370
3017,-250
3018,-250
3019,320
3020,385
3021,375
3022,275
3023,295
3024,285
3025,350
3026,-250
3027,-250
3028,280
3029,-250
3030,260
3031,360
3032,375
3033,255
3034,385
3035,-250
3036,430
3037,-250
3038,-250
3039,-250
3040,270
3041,-250
3042,450
3043,-250
3044,-250
3045,440
3046,435
3047,-250
3048,425
3049,355
3050,265
3051,340
3052,345
3053,-250
3054,255
3055,-250
3056,380
3057,325
3058,260
3059,-250
3060,-250
3061,320
3062,395
3063,375
3064,-250
3065,-250
3066,-250
3067,400
3068,320
3069,345
3070,330
3071,295
3072,350
3073,395
3074,390
3075,305
3076,390
3077,-250
3078,285
3079,-250
3080,-250
3081,275
3082,390
3083,255
3084,280
3085,455
3086,450
3087,350
3088,-250
3089,350
3090,-250
3091,395
3092,-250
3093,300
3094,415
3095,390
3096,-250
3097,300
3098,280
3099,260
3100,-250
3101,-250
3102,-250
3103,410
3104,340
3105,400
3106,-250
3107,-250
3108,310
3109,455
3110,365
3111,295
3112,445
3113,285
3114,350
3115,330
3116,270
3117,410
3118,395
3119,325
3120,435
3121,405
3122,-250
3123,425
3124,355
3125,285
3126,410
3127,-250
3128,400
3129,395
3130,355
3131,-250
3132,330
3133,-250
3134,430
3135,320
3136,-250
3137,395
3138,355
3139,-250
3140,380
3141,425
3142,260
3143,-250
3144,260
3145,-250
3146,390
3147,385
3148,-250
3149,320
3150,-250
3151,-250
3152,310
3153,340
3154,-250
3155,425
3156,310
3157,340
3158,430
3159,255
3160,360
3161,430
3162,-250
3163,-250
3164,440
3165,-250
3166,330
3167,360
3168,445
3169,-250
3170,305
3171,375
3172,295
3173,440
3174,330
3175,370
3176,350
3177,-250
3178,-250
3179,345
3180,-250
3181,350
3182,290
3183,-250
3184,-250
3185,410
3186,-250
3187,-250
3188,285
3189,365
3190,-250
3191,-250
3192,-250
3193,-250
3194,290
3195,-250
3196,350
3197,260
3198,360
3199,345
3200,-250
3201,-250
3202,-250
3203,315
3204,260
3205,350
3206,410
3207,-250
3208,345
3209,400
3210,275
3211,365
3212,395
3213,-250
3214,-250
3215,295
3216,-250
3217,355
3218,365
3219,-250
3220,435
3221,315
3222,270
3223,410
3224,370
3225,-250
3226,335
3227,370
3228,425
3229,310
3230,350
3231,-250
3232,370
3233,375
3234,415
3235,315
3236,270
3237,395
3238,360
3239,-250
3240,-250
3241,330
3242,395
3243,290
3244,370
3245,365
3246,370
3247,320
3248,285
3249,-250
3250,265
3251,385
3252,295
3253,285
3254,-250
3255,315
3256,380
3257,415
3258,350
3259,-250
3260,400
3261,390
3262,-250
3263,340
3264,410
3265,275
3266,305
3267,285
3268,330
3269,-250
3270,-250
3271,270
3272,-250
3273,400
3274,-250
3275,325
3276,430
3277,395
3278,365
3279,-250
3280,-250
3281,445
3282,-250
3283,340
3284,270
3285,335
3286,420
3287,395
3288,435
3289,270
3290,-250
3291,400
3292,280
3293,455
3294,420
3295,345
3296,320
3297,255
3298,255
3299,-250
3300,330
3301,320
3302,300
3303,285
3304,270
3305,275
3306,-250
3307,-250
3308,365
3309,360
3310,345
3311,325
3312,-250
3313,350
3314,275
3315,-250
3316,365
3317,340
3318,-250
3319,340
3320,-250
3321,355
3322,280
3323,-250
3324,320
3325,-250
3326,-250
3327,-250
3328,310
3329,450
3330,290
3331,435
3332,440
3333,-250
3334,310
3335,260
3336,270
3337,-250
3338,360
3339,335
3340,-250
3341,360
3342,255
3343,320
3344,390
3345,310
3346,-250
3347,-250
3348,395
3349,285
3350,395
3351,255
3352,315
3353,-250
3354,295
3355,270
3356,270
3357,380
3358,335
3359,-250
3360,405
3361,390
3362,-250
3363,295
3364,-250
3365,-250
3366,355
3367,345
3368,380
3369,450
3370,430
3371,260
3372,350
3373,365
3374,270
3375,355
3376,-250
3377,365
3378,300
3379,420
3380,-250
3381,-250
3382,315
3383,300
3384,310
3385,320
3386,285
3387,-250
3388,325
3389,-250
3390,340
3391,435
3392,340
3393,265
3394,-250
3395,375
3396,-250
3397,290
3398,405
3399,-250
3400,415
3401,-250
3402,-250
3403,-250
3404,315
3405,-250
3406,455
3407,255
3408,-250
3409,-250
3410,-250
3411,260
3412,410
3413,370
3414,-250
3415,310
3416,-250
3417,300
3418,300
3419,300
3420,400
3421,265
3422,310
3423,390
3424,330
3425,355
3426,255
3427,355
3428,280
3429,310
3430,440
3431,440
3432,315
3433,320
3434,325
3435,420
3436,365
3437,335
3438,420
3439,-250
3440,-250
3441,-250
3442,345
3443,405
3444,-250
3445,-250
3446,-250
3447,-250
3448,435
3449,-250
3450,395
3451,360
3452,265
3453,370
3454,360
3455,425
3456,435
3457,-250
3458,-250
3459,350
3460,420
3461,355
3462,-250
3463,-250
3464,275
3465,315
3466,275
3467,-250
3468,445
3469,375
3470,275
3471,-250
3472,-250
3473,380
3474,-250
3475,255
3476,395
3477,430
3478,255
3479,445
3480,-250
3481,445
3482,-250
3483,320
3484,415
3485,255
3486,330
3487,435
3488,390
3489,420
3490,415
3491,265
3492,290
3493,315
3494,315
3495,460
3496,315
3497,-250
3498,380
3499,290
3500,335
3501,-250
3502,-250
3503,455
3504,330
3505,315
3506,295
3507,355
3508,-250
3509,440
3510,-250
3511,275
3512,365
3513,335
3514,-250
3515,-250
3516,415
3517,375
3518,260
3519,400
3520,335
3521,400
3522,335
3523,455
3524,430
3525,280
3526,315
3527,260
3528,265
3529,375
3530,420
3531,-250
3532,305
3533,260
3534,380
3535,350
3536,350
3537,280
3538,310
3539,365
3540,415
3541,285
3542,270
3543,415
3544,325
3545,-250
3546,280
3547,-250
3548,290
3549,-250
3550,345
3551,260
3552,-250
3553,280
3554,270
3555,300
3556,370
3557,305
3558,295
3559,375
3560,380
3561,385
3562,420
3563,430
3564,460
3565,310
3566,460
3567,-250
3568,265
3569,320
3570,290
3571,340
3572,-250
3573,390
3574,-250
3575,435
3576,-250
3577,405
3578,-250
3579,345
3580,-250
3581,-250
3582,-250
3583,295
3584,340
3585,320
3586,275
3587,320
3588,-250
3589,395
3590,-250
3591,355
3592,-250
3593,275
3594,295
3595,370
3596,290
3597,450
3598,285
3599,310
3600,370
3601,320
3602,-250
3603,345
3604,340
3605,430
3606,300
3607,420
3608,440
3609,275
3610,475
3611,370
3612,450
3613,-250
3614,-250
3615,395
3616,-250
3617,375
3618,390
3619,-250
3620,-250
3621,425
3622,-250
3623,420
3624,335
3625,-250
3626,280
3627,-250
3628,350
3629,310
3630,275
3631,360
3632,385
3633,-250
3634,295
3635,340
3636,-250
3637,290
3638,435
3639,345
3640,385
3641,385
3642,405
3643,365
3644,445
3645,-250
3646,365
3647,340
3648,260
3649,-250
3650,370
3651,-250
3652,310
3653,345
3654,-250
3655,390
3656,-250
3657,340
3658,315
3659,350
3660,405
3661,350
3662,390
3663,365
3664,300
3665,315
3666,-250
3667,280
3668,390
3669,260
3670,325
3671,-250
3672,405
3673,-250
3674,395
3675,255
3676,280
3677,425
3678,385
3679,-250
3680,325
3681,335
3682,290
3683,-250
3684,355
3685,410
3686,440
3687,-250
3688,395
3689,285
3690,400
3691,-250
3692,275
3693,-250
3694,-250
3695,305
3696,-250
3697,275
3698,450
3699,270
3700,375
3701,275
3702,370
3703,-250
3704,375
3705,-250
3706,430
3707,355
3708,320
3709,310
3710,435
3711,355
3712,405
3713,-250
3714,325
3715,305
3716,260
3717,320
3718,260
3719,280
3720,360
3721,420
3722,335
3723,320
3724,345
3725,275
3726,305
3727,275
3728,450
3729,445
3730,-250
3731,390
3732,-250
3733,335
3734,-250
3735,440
3736,275
3737,-250
3738,390
3739,470
3740,360
3741,370
3742,265
3743,295
3744,440
3745,310
3746,280
3747,265
3748,-250
3749,-250
3750,320
3751,-250
3752,360
3753,445
3754,-250
3755,405
3756,345
3757,260
3758,345
3759,455
3760,330
3761,420
3762,-250
3763,260
3764,335
3765,315
3766,-250
3767,350
3768,400
3769,470
3770,330
3771,455
3772,270
3773,400
3774,290
3775,395
3776,-250
3777,390
3778,435
3779,365
3780,345
3781,360
3782,375
3783,265
3784,360
3785,330
3786,455
3787,-250
3788,265
3789,285
3790,365
3791,440
3792,390
3793,455
3794,350
3795,260
3796,300
3797,380
3798,300
3799,-250
3800,420
3801,-250
3802,-250
3803,295
3804,310
3805,275
3806,-250
3807,440
3808,435
3809,285
3810,300
3811,-250
3812,330
3813,415
3814,-250
3815,-250
3816,330
3817,370
3818,-250
3819,320
3820,285
3821,405
3822,390
3823,405
3824,375
3825,-250
3826,420
3827,-250
3828,315
3829,385
3830,420
3831,260
3832,320
3833,-250
3834,405
3835,320
3836,350
3837,375
3838,405
3839,-250
3840,365
3841,440
3842,375
3843,-250
3844,335
3845,285
3846,435
3847,-250
3848,315
3849,-250
3850,320
3851,305
3852,435
3853,-250
3854,405
3855,380
3856,350
3857,385
3858,-250
3859,-250
3860,295
3861,275
3862,305
3863,-250
3864,365
3865,-250
3866,440
3867,325
3868,-250
3869,335
3870,300
3871,425
3872,-250
3873,360
3874,-250
3875,430
3876,375
3877,360
3878,365
3879,400
3880,410
3881,295
3882,435
3883,470
3884,305
3885,-250
3886,280
3887,380
3888,350
3889,350
3890,380
3891,315
3892,350
3893,345
3894,370
3895,-250
3896,-250
3897,385
3898,390
3899,-250
3900,375
3901,315
3902,-250
3903,350
3904,450
3905,-250
3906,-250
3907,-250
3908,445
3909,330
3910,-250
3911,-250
3912,325
3913,-250
3914,365
3915,275
3916,285
3917,260
3918,400
3919,260
3920,415
3921,370
3922,275
3923,345
3924,425
3925,350
3926,-250
3927,420
3928,455
3929,410
3930,-250
3931,-250
3932,410
3933,425
3934,395
3935,405
3936,425
3937,-250
3938,-250
3939,355
3940,-250
3941,360
3942,370
3943,-250
3944,400
3945,260
3946,-250
3947,295
3948,270
3949,430
3950,315
3951,280
3952,330
3953,300
3954,330
3955,270
3956,-250
3957,-250
3958,385
3959,-250
3960,360
3961,-250
3962,455
3963,-250
3964,255
3965,305
3966,380
3967,-250
3968,450
3969,380
3970,370
3971,360
3972,385
3973,315
3974,335
3975,415
3976,345
3977,310
3978,340
3979,390
3980,-250
3981,295
3982,280
3983,305
3984,340
3985,400
3986,-250
3987,-250
3988,350
3989,325
3990,275
3991,300
3992,365
3993,345
3994,385
3995,390
3996,305
3997,260
3998,325
3999,360
4000,445
4001,305
4002,280
4003,265
4004,295
4005,270
4006,255
4007,255
4008,260
4009,-250
4010,325
4011,415
4012,260
4013,335
4014,420
4015,325
4016,-250
4017,285
4018,-250
4019,325
4020,340
4021,340
4022,-250
4023,295
4024,425
4025,290
4026,335
4027,395
4028,280
4029,395
4030,310
4031,-250
4032,360
4033,300
4034,315
4035,380
4036,395
4037,300
4038,340
4039,370
4040,290
4041,-250
4042,335
4043,330
4044,-250
4045,415
4046,375
4047,305
4048,-250
4049,415
4050,-250
4051,-250
4052,315
4053,380
4054,320
4055,380
4056,-250
4057,-250
4058,400
4059,415
4060,380
4061,425
4062,-250
4063,325
4064,330
4065,-250
4066,420
4067,390
4068,340
4069,315
4070,315
4071,-250
4072,-250
4073,345
4074,330
4075,440
4076,-250
4077,-250
4078,260
4079,-250
4080,265
4081,-250
4082,365
4083,-250
4084,-250
4085,290
4086,-250
4087,-250
4088,310
4089,-250
4090,410
4091,315
4092,425
4093,385
4094,430
4095,430
4096,-250
4097,-250
4098,420
4099,370
4100,435
4101,270
4102,330
4103,420
4104,290
4105,380
4106,405
4107,390
4108,260
4109,260
4110,290
4111,400
4112,305
4113,310
4114,435
4115,320
4116,-250
4117,-250
4118,380
4119,330
4120,295
4121,265
4122,285
4123,340
4124,255
4125,-250
4126,-250
4127,405
4128,420
4129,355
4130,435
4131,-250
4132,-250
4133,410
4134,355
4135,330
4136,345
4137,270
4138,315
4139,-250
4140,295
4141,315
4142,400
4143,300
4144,400
4145,280
4146,415
4147,350
4148,345
4149,435
4150,460
4151,260
4152,-250
4153,415
4154,-250
4155,370
4156,415
4157,315
4158,430
4159,380
4160,260
4161,320
4162,295
4163,445
4164,395
4165,-250
4166,345
4167,-250
4168,345
4169,-250
4170,-250
4171,275
4172,390
4173,-250
4174,410
4175,-250
4176,420
4177,415
4178,380
4179,-250
4180,310
4181,360
4182,-250
4183,-250
4184,-250
4185,285
4186,-250
4187,-250
4188,-250
4189,340
4190,370
4191,310
4192,255
4193,315
4194,465
4195,405
4196,280
4197,360
4198,285
4199,355
4200,345
4201,305
4202,415
4203,255
4204,-250
4205,430
4206,385
4207,420
4208,400
4209,-250
4210,380
4211,390
4212,400
4213,-250
4214,385
4215,305
4216,405
4217,285
4218,-250
4219,445
4220,345
4221,420
4222,375
4223,330
4224,350
4225,-250
4226,275
4227,360
4228,385
4229,365
4230,340
4231,-250
4232,315
4233,335
4234,-250
4235,420
4236,-250
4237,375
4238,-250
4239,310
4240,-250
4241,365
4242,370
4243,305
4244,-250
4245,380
4246,325
4247,380
4248,365
4249,415
4250,-250
4251,315
4252,325
4253,-250
4254,415
4255,-250
4256,-250
4257,-250
4258,-250
4259,390
4260,345
4261,390
4262,-250
4263,360
4264,-250
4265,370
4266,390
4267,-250
4268,-250
4269,425
4270,450
4271,-250
4272,300
4273,-250
4274,315
4275,360
4276,275
4277,400
4278,-250
4279,465
4280,315
4281,360
4282,370
4283,295
4284,410
4285,360
4286,-250
4287,260
4288,345
4289,345
4290,280
4291,335
4292,365
4293,450
4294,335
4295,-250
4296,-250
4297,380
4298,-250
4299,410
4300,-250
4301,345
4302,290
4303,-250
4304,280
4305,335
4306,-250
4307,395
4308,-250
4309,-250
4310,430
4311,-250
4312,370
4313,305
4314,-250
4315,425
4316,315
4317,270
4318,335
4319,-250
4320,-250
4321,360
4322,360
4323,-250
4324,445
4325,-250
4326,335
4327,-250
4328,345
4329,-250
4330,-250
4331,350
4332,-250
4333,385
4334,415
4335,335
4336,320
4337,-250
4338,395
4339,-250
4340,-250
4341,415
4342,-250
4343,-250
4344,355
4345,-250
4346,280
4347,275
4348,400
4349,440
4350,-250
4351,360
4352,-250
4353,-250
4354,410
4355,445
4356,-250
4357,360
4358,280
4359,-250
4360,-250
4361,425
4362,360
4363,300
4364,265
4365,425
4366,-250
4367,-250
4368,285
4369,-250
4370,285
4371,-250
4372,400
4373,-250
4374,-250
4375,-250
4376,360
4377,295
4378,-250
4379,455
4380,-250
4381,-250
4382,315
4383,-250
4384,335
4385,415
4386,335
4387,-250
4388,365
4389,300
4390,265
4391,320
4392,275
4393,-250
4394,325
4395,-250
4396,-250
4397,355
4398,-250
4399,-250
4400,-250
4401,395
4402,310
4403,360
4404,375
4405,275
4406,445
4407,445
4408,430
4409,395
4410,365
4411,395
4412,330
4413,360
4414,420
4415,340
4416,325
4417,-250
4418,-250
4419,385
4420,-250
4421,325
4422,-250
4423,350
4424,-250
4425,-250
4426,360
4427,320
4428,425
4429,410
4430,-250
4431,305
4432,-250
4433,255
4434,-250
4435,415
4436,380
4437,285
4438,-250
4439,440
4440,395
4441,-250
4442,-250
4443,290
4444,285
4445,415
4446,390
4447,385
4448,265
4449,450
4450,-250
4451,415
4452,430
4453,400
4454,290
4455,430
4456,425
4457,355
4458,325
4459,-250
4460,-250
4461,415
4462,290
4463,335
4464,-250
4465,395
4466,275
4467,280
4468,315
4469,360
4470,-250
4471,-250
4472,360
4473,310
4474,-250
4475,405
4476,395
4477,255
4478,370
4479,315
4480,-250
4481,390
4482,255
4483,-250
4484,-250
4485,260
4486,385
4487,-250
4488,275
4489,280
4490,395
4491,325
4492,-250
4493,405
4494,-250
4495,340
4496,-250
4497,305
4498,-250
4499,405
4500,270
4501,325
4502,265
4503,360
4504,-250
4505,400
4506,360
4507,-250
4508,-250
4509,275
4510,350
4511,285
4512,295
4513,380
4514,265
4515,-250
4516,435
4517,290
4518,380
4519,275
4520,265
4521,-250
4522,-250
4523,320
4524,-250
4525,350
4526,300
4527,350
4528,270
4529,420
4530,-250
4531,-250
4532,-250
4533,335
4534,315
4535,415
4536,-250
4537,335
4538,365
4539,390
4540,350
4541,330
4542,370
4543,390
4544,455
4545,310
4546,340
4547,435
4548,300
4549,285
4550,430
4551,335
4552,285
4553,-250
4554,-250
4555,380
4556,385
4557,315
4558,435
4559,-250
4560,290
4561,-250
4562,-250
4563,445
4564,350
4565,340
4566,365
4567,280
4568,435
4569,405
4570,305
4571,350
4572,390
4573,345
4574,375
4575,-250
4576,400
4577,275
4578,305
4579,335
4580,280
4581,280
4582,385
4583,-250
4584,390
4585,425
4586,395
4587,325
4588,295
4589,460
4590,335
4591,375
4592,420
4593,260
4594,365
4595,375
4596,-250
4597,330
4598,315
4599,-250
4600,370
4601,460
4602,-250
4603,475
4604,-250
4605,-250
4606,320
4607,295
4608,360
4609,370
4610,320
4611,-250
4612,420
4613,-250
4614,-250
4615,390
4616,420
4617,-250
4618,255
4619,305
4620,-250
4621,370
4622,395
4623,395
4624,315
4625,305
4626,-250
4627,325
4628,-250
4629,420
4630,-250
4631,370
4632,380
4633,-250
4634,465
4635,-250
4636,400
4637,-250
4638,340
4639,420
4640,395
4641,465
4642,-250
4643,445
4644,-250
4645,345
4646,335
4647,380
4648,350
4649,325
4650,320
4651,385
4652,255
4653,320
4654,415
4655,350
4656,-250
4657,305
4658,-250
4659,355
4660,-250
4661,350
4662,425
4663,-250
4664,315
4665,345
4666,370
4667,380
4668,345
4669,-250
4670,315
4671,305
4672,280
4673,370
4674,420
4675,-250
4676,325
4677,365
4678,360
4679,305
4680,255
4681,290
4682,-250
4683,380
4684,440
4685,380
4686,265
4687,330
4688,315
4689,-250
4690,340
4691,375
4692,380
4693,305
4694,305
4695,400
4696,325
4697,265
4698,-250
4699,435
4700,-250
4701,410
4702,310
4703,-250
4704,430
4705,295
4706,-250
4707,290
4708,440
4709,310
4710,-250
4711,305
4712,370
4713,455
4714,-250
4715,350
4716,310
4717,440
4718,270
4719,-250
4720,435
4721,305
4722,380
4723,340
4724,-250
4725,290
4726,-250
4727,325
4728,-250
4729,-250
4730,375
4731,290
4732,295
4733,385
4734,-250
4735,410
4736,340
4737,345
4738,-250
4739,300
4740,290
4741,385
4742,405
4743,315
4744,375
4745,405
4746,-250
4747,295
4748,340
4749,375
4750,350
4751,350
4752,410
4753,290
4754,310
4755,425
4756,325
4757,315
4758,455
4759,-250
4760,390
4761,280
4762,350
4763,405
4764,380
4765,340
4766,285
4767,390
4768,335
4769,-250
4770,290
4771,420
4772,350
4773,425
4774,310
4775,435
4776,405
4777,355
4778,255
4779,330
4780,360
4781,405
4782,425
4783,405
4784,-250
4785,-250
4786,305
4787,400
4788,415
4789,445
4790,325
4791,315
4792,285
4793,410
4794,350
4795,-250
4796,440
4797,415
4798,295
4799,380
4800,445
4801,360
4802,-250
4803,320
4804,325
4805,255
4806,370
4807,370
4808,395
4809,415
4810,350
4811,-250
4812,-250
4813,445
4814,470
4815,455
4816,270
4817,-250
4818,390
4819,-250
4820,395
4821,300
4822,-250
4823,365
4824,-250
4825,390
4826,455
4827,375
4828,-250
4829,-250
4830,265
4831,285
4832,320
4833,375
4834,400
4835,325
4836,430
4837,425
4838,-250
4839,310
4840,-250
4841,390
4842,425
4843,395
4844,390
4845,390
4846,-250
4847,330
4848,315
4849,455
4850,335
4851,335
4852,470
4853,435
4854,420
4855,360
4856,-250
4857,395
4858,355
4859,-250
4860,275
4861,-250
4862,335
4863,410
4864,-250
4865,-250
4866,395
4867,-250
4868,365
4869,420
4870,445
4871,405
4872,350
4873,415
4874,410
4875,290
4876,440
4877,385
4878,375
4879,415
4880,275
4881,275
4882,-250
4883,-250
4884,-250
4885,400
4886,285
4887,405
4888,-250
4889,290
4890,360
4891,300
4892,475
4893,290
4894,-250
4895,280
4896,345
4897,255
4898,305
4899,320
4900,-250
4901,285
4902,-250
4903,400
4904,430
4905,415
4906,-250
4907,410
4908,-250
4909,345
4910,255
4911,-250
4912,325
4913,300
4914,420
4915,-250
4916,400
4917,295
4918,290
4919,345
4920,465
4921,340
4922,285
4923,265
4924,-250
4925,330
4926,425
4927,-250
4928,420
4929,-250
4930,-250
4931,335
4932,-250
4933,-250
4934,445
4935,280
4936,260
4937,265
4938,-250
4939,365
4940,280
4941,-250
4942,440
4943,450
4944,310
4945,355
4946,445
4947,260
4948,465
4949,-250
4950,405
4951,410
4952,-250
4953,390
4954,370
4955,330
4956,320
4957,345
4958,305
4959,300
4960,320
4961,395
4962,-250
4963,395
4964,435
4965,-250
4966,-250
4967,390
4968,465
4969,-250
4970,360
4971,-250
4972,-250
4973,290
4974,280
4975,290
4976,280
4977,-250
4978,380
4979,320
4980,-250
4981,-250
4982,290
4983,335
4984,380
4985,425
4986,390
4987,395
4988,-250
4989,295
4990,405
4991,385
4992,275
4993,380
4994,-250
4995,425
4996,395
4997,275
4998,-250
4999,-250
5000,395
